{
  "roc_auc": 0.6940006257421121,
  "pr_auc": 0.4268097448230811,
  "brier_score": 0.18003129669353432,
  "confusion_matrix": {
    "tn": 195956,
    "fp": 5347,
    "fn": 65391,
    "tp": 6472
  },
  "threshold": 0.5
}
